Samples,Study,Similarity,Signature Subs-01,Signature Subs-02,Signature Subs-03,Signature Subs-04,Signature Subs-05,Signature Subs-08,Signature Subs-12,Signature Subs-13,Signature Subs-17a,Signature Subs-17b,Signature Subs-18,Signature Subs-33,Signature Subs-40,Signature Subs-42
NSLC-0001-T01,Laval - Quebec,0.85,417,0,0,0,884,0,0,0,0,0,0,0,4262,0
NSLC-0002-T01,Laval - Quebec,0.86,467,0,0,0,1755,0,0,0,0,0,0,0,3001,0
NSLC-0003-T01,Laval - Quebec,0.76,1046,502,0,0,1911,0,0,382,0,0,0,0,0,0
NSLC-0004-T01,Laval - Quebec,0.7,264,1021,0,0,1297,0,0,1038,0,0,0,0,3333,0
NSLC-0005-T01,Laval - Quebec,0.74,571,6808,0,0,3930,0,0,6492,0,0,0,0,0,0
NSLC-0006-T01,Laval - Quebec,0.9299999999999999,32,25,0,0,591,122,0,0,0,0,0,0,0,0
NSLC-0007-T01,Laval - Quebec,0.87,149,0,0,0,728,0,0,0,0,0,0,0,1161,0
NSLC-0008-T01,Laval - Quebec,0.94,259,551,0,0,2896,0,0,0,0,0,597,0,0,0
NSLC-0009-T01,Laval - Quebec,0.7,344,283,0,0,667,0,0,0,0,0,0,0,2130,0
NSLC-0010-T01,Laval - Quebec,0.7,5,12,0,0,182,61,0,16,0,0,0,0,0,0
NSLC-0011-T01,Laval - Quebec,0.8799999999999999,501,882,0,0,608,0,0,1081,0,0,0,0,5047,0
NSLC-0012-T01,Laval - Quebec,0.85,361,174,0,0,1159,0,0,0,0,0,0,0,3795,0
NSLC-0013-T01,Laval - Quebec,0.82,297,109,0,0,1292,0,0,0,0,0,0,0,1706,0
NSLC-0014-T01,Laval - Quebec,0.94,38,0,0,0,786,172,0,0,0,0,0,0,0,0
NSLC-0015-T01,Laval - Quebec,0.7899999999999999,151,0,0,0,1243,0,0,0,0,0,0,0,2271,0
NSLC-0016-T01,Laval - Quebec,1,38,0,0,0,800,0,0,0,0,0,0,0,446,0
NSLC-0017-T01,Laval - Quebec,0.86,346,0,0,0,1370,0,0,470,0,0,0,0,3825,0
NSLC-0018-T01,Laval - Quebec,0.95,766,0,0,0,546,0,0,609,0,0,0,0,7884,0
NSLC-0019-T01,Laval - Quebec,0.72,1,0,0,0,9,0,0,0,0,0,0,0,0,0
NSLC-0020-T01,Laval - Quebec,0.8799999999999999,2771,18897,0,0,4934,0,0,20007,0,0,0,1841,0,0
NSLC-0021-T01,Laval - Quebec,0.96,238,137,0,0,966,0,0,0,0,0,0,0,1527,0
NSLC-0022-T01,Laval - Quebec,0.9099999999999999,69,0,0,0,825,224,0,0,0,0,0,0,0,0
NSLC-0023-T01,Laval - Quebec,0.84,40,0,0,0,746,181,0,0,0,0,0,0,0,0
NSLC-0024-T01,Laval - Quebec,0.8099999999999999,124,458,0,0,863,0,0,0,0,0,0,0,1149,0
NSLC-0025-T01,Laval - Quebec,0.99,17,0,0,0,256,47,0,0,0,0,0,0,0,0
NSLC-0026-T01,Laval - Quebec,0.7999999999999999,189,309,0,0,2300,0,0,321,0,0,680,0,0,0
NSLC-0027-T01,Laval - Quebec,0.99,366,108,0,0,1348,524,0,0,0,0,0,0,0,0
NSLC-0028-T01,Laval - Quebec,0.96,218,0,0,0,1145,0,0,0,0,0,0,0,1206,0
NSLC-0029-T01,Laval - Quebec,0.82,547,0,0,0,991,0,0,0,0,0,0,0,3168,0
NSLC-0030-T01,Laval - Quebec,0.7999999999999999,127,325,0,0,297,0,0,439,0,0,0,0,1037,0
NSLC-0031-T01,Laval - Quebec,0.72,379,0,0,0,685,0,0,0,0,0,0,0,1173,0
NSLC-0032-T01,Laval - Quebec,0.85,101,0,0,0,3534,1848,0,0,276,883,0,0,0,0
NSLC-0033-T01,Laval - Quebec,0.84,227,0,0,0,1034,0,0,0,0,0,744,0,2242,0
NSLC-0034-T01,Laval - Quebec,0.84,89,0,0,0,1154,0,0,0,0,0,0,0,0,0
NSLC-0035-T01,Laval - Quebec,0.97,38,0,0,0,1459,0,0,0,0,0,0,0,0,0
NSLC-0036-T01,Laval - Quebec,0.7999999999999999,191,0,0,0,468,0,0,108,0,0,0,0,2027,0
NSLC-0037-T01,Laval - Quebec,0.87,343,401,0,0,937,0,0,344,0,0,0,0,1985,0
NSLC-0038-T01,Laval - Quebec,0.8999999999999999,20,0,0,0,607,0,0,0,0,0,0,0,0,0
NSLC-0039-T01,Laval - Quebec,0.77,287,698,0,0,1918,1086,0,491,0,0,0,0,0,0
NSLC-0041-T01,Laval - Quebec,0.76,626,164,0,0,1186,0,0,0,0,0,0,0,2411,0
NSLC-0042-T01,Laval - Quebec,0.85,48,39,0,0,276,0,0,42,0,0,0,0,444,0
NSLC-0043-T01,Laval - Quebec,0.96,499,315,0,0,3235,0,0,372,0,0,1742,0,0,0
NSLC-0044-T01,Laval - Quebec,0.8099999999999999,165,119,0,0,728,0,0,0,0,0,0,0,1390,0
NSLC-0045-T01,Laval - Quebec,0.8999999999999999,290,85,0,0,683,0,0,0,0,0,0,0,1406,0
NSLC-0046-T01,Laval - Quebec,0.8899999999999999,89,0,0,0,714,0,0,0,0,0,0,0,679,0
NSLC-0047-T01,Laval - Quebec,0.73,139,99,0,0,461,0,0,0,0,0,0,0,811,0
NSLC-0048-T01,Laval - Quebec,0.82,262,0,0,0,1124,0,0,0,0,0,0,0,1385,0
NSLC-0049-T01,Laval - Quebec,0.8999999999999999,184,339,0,0,1053,0,0,276,0,0,0,0,1434,0
NSLC-0050-T01,Laval - Quebec,0.73,32,0,0,0,122,0,0,0,0,0,0,0,223,0
NSLC-0051-T01,Laval - Quebec,0.7899999999999999,27,0,0,0,547,0,0,0,0,0,0,0,0,89
NSLC-0053-T01,Laval - Quebec,0.7799999999999999,121,0,0,0,819,0,0,0,0,0,0,0,1049,0
NSLC-0054-T01,Laval - Quebec,0.7,411,0,0,0,754,0,0,283,0,0,0,0,4558,0
NSLC-0055-T01,Laval - Quebec,0.8999999999999999,97,0,0,0,0,10703,0,0,0,0,0,0,7949,0
NSLC-0057-T01,Laval - Quebec,0.7999999999999999,233,587,0,0,1090,0,0,0,398,925,0,0,4911,0
NSLC-0058-T01,Laval - Quebec,0.75,99,887,1330,0,706,0,0,714,0,0,0,0,0,0
NSLC-0059-T01,Laval - Quebec,0.8099999999999999,18,7,0,0,131,0,0,0,0,0,32,0,0,0
NSLC-0060-T01,Laval - Quebec,0.86,35,0,0,0,1241,267,0,0,0,0,0,0,0,0
NSLC-0061-T01,Laval - Quebec,0.86,257,496,0,0,1398,0,0,381,0,0,1380,0,2940,0
NSLC-0062-T01,Laval - Quebec,0.77,194,204,0,0,1043,0,0,0,0,0,0,0,1575,0
NSLC-0063-T01,Laval - Quebec,0.87,53,0,0,0,473,0,0,0,0,0,0,0,601,0
NSLC-0064-T01,Laval - Quebec,0.83,109,0,0,0,1024,0,0,0,0,0,0,0,2647,0
NSLC-0065-T01,Laval - Quebec,0.7899999999999999,174,11818,0,0,3806,0,0,10194,0,0,0,0,0,0
NSLC-0066-T01,Laval - Quebec,0.98,165,0,0,0,932,0,0,0,0,0,0,0,1157,0
NSLC-0067-T01,Laval - Quebec,0.95,209,164,0,0,1213,0,0,0,0,0,486,0,1785,0
NSLC-0068-T01,Laval - Quebec,0.86,27,15,0,0,138,0,0,0,0,0,0,0,252,0
NSLC-0069-T01,Laval - Quebec,0.98,289,0,0,0,1495,426,0,0,0,0,0,0,0,0
NSLC-0071-T01,Laval - Quebec,0.99,205,0,0,0,268,0,0,236,0,0,0,0,3084,0
NSLC-0072-T01,Laval - Quebec,1,59,0,0,0,821,0,0,0,0,0,0,0,0,0
NSLC-0073-T01,Laval - Quebec,0.7,153,0,0,0,926,0,0,0,0,0,0,0,1297,0
NSLC-0074-T01,Laval - Quebec,0.8999999999999999,191,226,0,0,858,0,0,0,0,0,0,0,1684,0
NSLC-0076-T01,Laval - Quebec,0.84,119,158,0,0,804,0,0,0,0,0,0,0,1607,0
NSLC-0077-T01,Laval - Quebec,0.9099999999999999,33,0,0,0,927,215,0,0,0,0,0,0,0,0
NSLC-0078-T01,Laval - Quebec,0.95,279,140,0,0,1072,0,0,0,0,0,0,0,1754,0
NSLC-0079-T01,Laval - Quebec,1,391,624,0,0,1180,0,0,902,0,0,0,0,5433,0
NSLC-0080-T01,Laval - Quebec,0.82,325,395,0,0,3133,0,0,306,0,0,1444,0,0,0
NSLC-0081-T01,Laval - Quebec,0.7999999999999999,416,0,0,0,594,0,0,0,0,0,0,0,2936,0
NSLC-0082-T01,Laval - Quebec,0.7899999999999999,29,0,0,0,116,0,0,0,0,0,0,0,190,0
NSLC-0083-T01,Laval - Quebec,0.84,80,0,0,0,1170,256,0,0,0,0,0,0,0,0
NSLC-0084-T01,Laval - Quebec,0.84,8,14,0,0,94,36,0,12,0,0,0,0,0,0
NSLC-0085-T01,Laval - Quebec,0.7999999999999999,278,303,0,0,1013,0,0,288,0,0,0,0,1487,0
NSLC-0086-T01,Laval - Quebec,0.9299999999999999,158,197,0,0,619,0,0,150,0,0,0,0,2041,0
NSLC-0087-T01,Laval - Quebec,0.8099999999999999,240,0,0,0,1231,0,0,0,0,0,0,0,2166,0
NSLC-0088-T01,Laval - Quebec,0.95,340,0,0,0,771,0,287,0,0,0,0,0,2354,342
NSLC-0090-T01,EAGLE - NCI,0.73,157,17207,0,0,1746,0,0,18410,0,0,0,0,0,0
NSLC-0092-T01,EAGLE - NCI,0.8999999999999999,295,88,0,0,1071,0,0,53,0,0,0,0,2451,0
NSLC-0092-T03,EAGLE - NCI,0.95,821,358,0,0,1148,0,0,219,0,0,0,0,5488,0
NSLC-0092-T05,EAGLE - NCI,0.84,438,430,0,0,1224,0,0,409,0,0,0,0,3350,0
NSLC-0092-T06,EAGLE - NCI,0.76,402,266,0,0,1250,0,0,150,0,0,0,0,2916,0
NSLC-0092-T07,EAGLE - NCI,1,449,132,0,0,1139,0,0,94,0,0,0,0,3294,0
NSLC-0092-T08,EAGLE - NCI,0.83,386,176,0,0,1106,0,0,86,0,0,0,0,2964,0
NSLC-0093-T01,EAGLE - NCI,0.84,439,0,0,0,1140,0,0,0,0,0,0,0,2340,0
NSLC-0094-T01,EAGLE - NCI,0.9199999999999999,6,0,0,0,99,43,0,0,0,0,0,0,0,0
NSLC-0095-T01,EAGLE - NCI,0.9099999999999999,282,0,0,0,1386,0,0,0,0,0,415,0,1844,0
NSLC-0096-T01,EAGLE - NCI,0.96,29,0,0,0,39,0,0,0,0,0,0,0,154,0
NSLC-0097-T01,EAGLE - NCI,0.86,207,0,0,0,868,0,0,0,0,0,0,0,1219,0
NSLC-0098-T02,EAGLE - NCI,0.9099999999999999,58,0,0,0,1621,571,0,0,0,0,0,0,0,0
NSLC-0098-T04,EAGLE - NCI,0.7,43,0,0,0,1601,558,0,0,0,0,0,0,0,0
NSLC-0100-T01,EAGLE - NCI,0.7799999999999999,175,405,0,0,639,0,0,364,0,0,0,0,1082,0
NSLC-0100-T02,EAGLE - NCI,0.95,227,664,0,0,826,0,0,640,0,0,0,0,1237,0
NSLC-0100-T03,EAGLE - NCI,0.8899999999999999,6,7,0,0,79,0,0,13,0,0,0,0,63,0
NSLC-0100-T04,EAGLE - NCI,0.9199999999999999,186,535,0,0,739,0,0,476,0,0,0,0,1077,0
NSLC-0101-T01,EAGLE - NCI,0.7799999999999999,546,2302,0,0,1805,0,0,1338,0,0,0,0,3341,0
NSLC-0102-T01,EAGLE - NCI,0.86,140,0,0,0,783,0,0,0,0,0,812,0,2014,0
NSLC-0103-T01,EAGLE - NCI,0.7899999999999999,200,295,0,0,366,0,0,182,0,0,0,0,2602,0
NSLC-0104-T01,EAGLE - NCI,0.94,157,2402,0,0,1962,0,0,1726,0,0,0,0,0,0
NSLC-0105-T01,EAGLE - NCI,0.95,111,0,0,0,490,0,0,0,0,0,0,0,876,0
NSLC-0106-T01,EAGLE - NCI,0.85,33,28,0,0,544,161,0,0,0,0,0,0,0,0
NSLC-0107-T01,EAGLE - NCI,0.7,370,0,0,0,952,0,507,295,70,287,0,0,4470,0
NSLC-0108-T01,EAGLE - NCI,0.8999999999999999,334,1821,0,0,6632,0,0,2081,0,0,0,0,0,0
NSLC-0109-T01,EAGLE - NCI,0.73,394,0,0,0,1293,0,0,0,527,777,0,0,2799,0
NSLC-0109-T02,EAGLE - NCI,0.8999999999999999,276,0,0,0,868,0,0,0,61,92,0,0,1612,0
NSLC-0109-T03,EAGLE - NCI,0.83,344,0,0,0,673,0,175,0,51,169,0,0,2017,0
NSLC-0109-T04,EAGLE - NCI,0.85,238,0,0,0,758,0,0,0,52,65,0,0,1416,0
NSLC-0109-T05,EAGLE - NCI,0.87,48,0,0,0,250,103,0,0,26,25,0,0,158,0
NSLC-0109-T06,EAGLE - NCI,0.74,14,0,0,0,68,0,0,0,6,1,0,0,39,0
NSLC-0109-T07,EAGLE - NCI,0.97,169,0,0,0,493,0,0,0,23,30,0,0,1052,0
NSLC-0110-T01,EAGLE - NCI,0.94,50,0,0,0,290,0,0,0,0,0,0,0,230,0
NSLC-0111-T01,EAGLE - NCI,0.97,152,0,0,0,512,0,0,0,0,0,0,0,1776,0
NSLC-0112-T01,EAGLE - NCI,0.76,366,163,0,0,1101,0,0,262,0,0,0,0,3403,0
NSLC-0113-T01,EAGLE - NCI,0.7899999999999999,153,0,0,3276,1098,0,0,0,0,0,0,0,4249,0
NSLC-0114-T01,Moffitt,0.74,556,0,0,0,2093,0,0,0,0,0,491,0,0,0
NSLC-0115-T01,Moffitt,0.96,435,305,0,0,961,0,0,422,0,0,0,0,6384,0
NSLC-0116-T01,Moffitt,0.86,246,108,0,0,393,0,0,0,0,0,0,0,2366,0
NSLC-0117-T01,Moffitt,0.72,138,0,0,3528,5287,0,0,0,0,0,1563,0,0,0
NSLC-0118-T01,Moffitt,0.8099999999999999,131,24401,0,0,6843,0,0,28196,0,0,0,0,0,0
NSLC-0119-T01,Moffitt,0.9199999999999999,46,0,631,0,1170,0,0,0,0,0,0,0,0,0
NSLC-0120-T01,Moffitt,0.73,222,234,0,0,3264,1854,0,325,0,0,0,0,0,0
NSLC-0121-T01,Moffitt,0.9299999999999999,122,0,0,0,376,0,0,0,0,0,0,0,574,0
NSLC-0122-T01,Moffitt,0.7,163,0,0,0,815,0,0,0,0,0,0,0,934,0
NSLC-0123-T01,Moffitt,0.71,265,0,0,0,691,0,0,0,0,0,1239,0,2259,0
NSLC-0124-T01,Laval - Quebec,0.9099999999999999,159,0,0,0,816,0,0,0,0,0,0,0,1151,0
NSLC-0125-T01,Laval - Quebec,0.7999999999999999,56,0,0,0,654,200,0,0,0,0,0,0,0,0
NSLC-0126-T01,Laval - Quebec,0.72,17,0,0,0,1942,0,0,0,0,0,0,0,0,0
NSLC-0127-T01,Laval - Quebec,0.9199999999999999,43,0,0,0,843,193,0,0,0,0,0,0,0,0
NSLC-0128-T01,Laval - Quebec,0.8999999999999999,60,0,0,0,1474,384,0,0,0,0,0,0,0,0
NSLC-0129-T01,Laval - Quebec,0.7799999999999999,139,370,0,0,348,0,0,473,0,0,0,0,1200,0
NSLC-0130-T01,Laval - Quebec,0.75,569,509,0,0,2165,0,0,500,0,0,0,0,3677,0
NSLC-0131-T01,Laval - Quebec,0.97,286,0,0,0,1126,0,0,311,0,0,0,0,3227,0
NSLC-0132-T01,Laval - Quebec,0.8899999999999999,42,0,0,0,728,0,0,0,0,0,0,0,0,0
NSLC-0133-T01,Laval - Quebec,0.9199999999999999,11,24,0,0,124,0,0,0,0,0,39,0,0,0
NSLC-0134-T01,Laval - Quebec,0.97,90,0,0,0,1573,548,0,0,0,0,0,0,0,0
NSLC-0135-T01,Laval - Quebec,0.7799999999999999,366,0,0,0,1397,0,0,0,0,0,0,0,1447,0
NSLC-0136-T01,Laval - Quebec,0.87,363,2372,3908,0,1282,0,0,3014,0,0,0,0,0,0
NSLC-0137-T01,Laval - Quebec,0.84,24,0,0,0,356,0,0,0,0,0,0,0,0,0
NSLC-0138-T01,Laval - Quebec,0.77,27,64,0,0,1055,0,0,0,0,0,257,0,0,0
NSLC-0139-T01,Laval - Quebec,0.7799999999999999,559,1137,0,0,4204,0,0,0,0,0,0,0,0,0
NSLC-0140-T01,Laval - Quebec,0.73,168,132,0,0,1388,0,0,0,0,0,0,0,1515,0
NSLC-0142-T01,Laval - Quebec,0.86,57,0,0,0,379,147,0,0,0,0,0,0,0,0
NSLC-0143-T01,Laval - Quebec,0.8999999999999999,39,0,0,0,107,0,0,0,6,21,0,0,400,0
NSLC-0144-T01,Laval - Quebec,0.7799999999999999,536,210,0,0,1409,0,0,352,0,0,0,0,2733,0
NSLC-0145-T01,Laval - Quebec,0.95,703,153,0,0,804,0,0,0,0,0,0,0,2816,0
NSLC-0146-T01,Laval - Quebec,0.9199999999999999,315,144,0,0,1388,0,0,0,0,0,0,0,2066,0
NSLC-0147-T01,Laval - Quebec,1,370,319,0,0,705,0,0,0,0,0,2586,0,2649,0
NSLC-0148-T01,Laval - Quebec,0.74,824,310,0,0,1591,0,0,0,0,0,1692,0,3671,0
NSLC-0149-T01,Laval - Quebec,0.75,66,0,0,0,1512,563,0,0,0,0,0,0,0,0
NSLC-0150-T01,Laval - Quebec,0.99,65,0,0,0,1398,250,0,0,0,0,0,0,0,0
NSLC-0151-T01,Laval - Quebec,0.82,172,578,0,0,767,0,0,471,0,0,0,0,2609,0
NSLC-0152-T01,Laval - Quebec,1,234,105,0,0,1336,0,0,0,0,0,0,0,1756,0
NSLC-0153-T01,Laval - Quebec,0.87,17,0,0,0,860,200,0,0,0,0,0,0,0,0
NSLC-0154-T01,Laval - Quebec,0.76,179,0,0,0,557,0,0,0,0,0,0,0,1819,0
NSLC-0155-T01,Laval - Quebec,0.8999999999999999,182,179,0,0,1119,0,0,0,0,0,0,0,2151,0
NSLC-0156-T01,Laval - Quebec,0.82,320,0,0,0,848,0,0,0,0,0,0,0,2100,0
NSLC-0157-T01,Laval - Quebec,0.83,239,310,1878,0,1270,0,0,293,0,0,717,0,0,0
NSLC-0158-T01,Laval - Quebec,1,80,0,0,0,1559,0,0,0,0,0,0,0,0,0
NSLC-0159-T01,Laval - Quebec,0.85,20,0,0,0,1104,0,0,0,0,0,0,0,0,0
NSLC-0160-T01,Laval - Quebec,0.9299999999999999,122,0,0,0,299,0,0,0,0,0,0,0,930,160
NSLC-0161-T01,Laval - Quebec,0.7899999999999999,50,145,0,0,655,0,0,0,0,0,0,0,772,0
NSLC-0162-T01,Laval - Quebec,0.9099999999999999,9,0,0,0,274,0,0,0,0,0,0,0,0,0
NSLC-0163-T01,Laval - Quebec,0.99,40,0,0,0,2497,1959,0,0,0,0,0,0,0,0
NSLC-0164-T01,Laval - Quebec,0.77,45,0,0,0,729,159,0,0,0,0,0,0,0,0
NSLC-0165-T01,Laval - Quebec,0.7899999999999999,37,0,0,0,1356,269,0,0,0,0,0,0,0,0
NSLC-0166-T01,Laval - Quebec,0.74,278,0,0,0,925,0,0,0,0,0,0,0,2279,0
NSLC-0167-T01,EAGLE - NCI,0.8999999999999999,673,0,0,0,1472,0,0,0,0,0,0,0,1395,0
NSLC-0167-T02,EAGLE - NCI,0.86,611,0,0,0,1548,0,0,0,0,0,0,0,1304,0
NSLC-0167-T03,EAGLE - NCI,0.86,565,0,0,0,1582,0,0,0,0,0,0,0,1137,0
NSLC-0167-T04,EAGLE - NCI,0.97,570,0,0,0,1389,0,0,0,0,0,0,0,1263,0
NSLC-0167-T05,EAGLE - NCI,0.8999999999999999,598,0,0,0,1390,0,0,0,0,0,0,0,1297,0
NSLC-0167-T06,EAGLE - NCI,0.76,662,0,0,0,1454,0,0,0,0,0,0,0,1458,0
NSLC-0167-T07,EAGLE - NCI,0.77,665,0,0,0,1483,0,0,0,0,0,0,0,1389,0
NSLC-0167-T08,EAGLE - NCI,0.7,506,0,0,0,1285,0,0,0,0,0,0,0,1167,0
NSLC-0167-T09,EAGLE - NCI,0.9199999999999999,604,0,0,0,1420,0,0,0,0,0,0,0,1277,0
NSLC-0167-T10,EAGLE - NCI,0.87,623,0,0,0,1393,0,0,0,0,0,0,0,1316,0
NSLC-0167-T11,EAGLE - NCI,0.8899999999999999,699,0,0,0,1484,0,0,0,0,0,0,0,1365,0
NSLC-0168-T01,EAGLE - NCI,0.73,1042,0,0,0,914,0,0,0,443,1307,1488,0,5872,0
NSLC-0169-T01,EAGLE - NCI,0.76,62,0,0,0,1998,738,0,0,0,0,0,0,0,0
NSLC-0170-T01,EAGLE - NCI,0.9099999999999999,450,0,0,0,5669,3724,0,549,59,365,0,0,0,0
NSLC-0171-T01,EAGLE - NCI,0.72,403,99,0,0,721,0,0,0,0,0,0,0,1697,0
NSLC-0172-T01,Moffitt,0.83,76,126,0,0,1916,1024,0,0,0,0,0,0,0,0
NSLC-0173-T01,Nice,0.85,906,0,0,0,691,0,0,385,0,0,0,0,8725,0
NSLC-0174-T01,Nice,0.98,191,0,0,0,1003,0,0,0,0,0,0,0,1395,0
NSLC-0175-T01,Nice,0.85,136,0,0,0,579,0,0,0,0,0,0,0,1231,0
NSLC-0176-T01,Nice,0.75,505,0,0,0,1546,0,0,0,0,0,0,0,5847,0
NSLC-0177-T01,Nice,0.77,213,100,0,0,708,0,0,0,0,0,0,0,1287,0
NSLC-0178-T01,Nice,0.95,295,748,0,0,509,0,0,477,0,0,0,0,3227,0
NSLC-0180-T01,Nice,0.72,414,0,0,1905,1593,0,0,0,0,0,0,0,2488,0
NSLC-0181-T01,Nice,0.8799999999999999,396,0,0,0,1345,0,0,0,0,0,0,0,2851,0
NSLC-0182-T01,Nice,0.72,901,251,0,0,1130,0,0,0,0,0,0,0,5351,0
NSLC-0183-T01,Nice,0.8899999999999999,390,0,0,0,1965,0,0,0,0,0,864,0,3196,0
NSLC-0184-T01,Nice,0.99,202,0,0,0,1077,0,0,0,0,0,0,0,2059,0
NSLC-0185-T01,Nice,0.8799999999999999,164,0,0,0,2077,0,0,0,0,0,0,0,0,0
NSLC-0186-T01,Nice,0.73,159,0,0,0,765,0,0,0,0,0,0,0,1433,0
NSLC-0187-T01,Nice,0.71,289,278,0,0,1192,0,0,0,0,0,0,0,2545,0
NSLC-0188-T01,Nice,0.96,275,0,0,0,2962,569,0,0,0,0,0,0,0,0
NSLC-0189-T01,Nice,0.7999999999999999,7,0,0,0,104,0,0,0,0,0,0,0,0,0
NSLC-0190-T01,Nice,0.7799999999999999,93,0,0,0,440,0,0,0,0,0,144,0,0,0
NSLC-0191-T01,Nice,0.86,185,0,0,0,1581,0,0,0,0,0,0,0,3015,0
NSLC-0192-T01,Nice,0.94,566,1112,0,0,2111,0,0,1066,0,0,0,0,5239,0
NSLC-0193-T01,Nice,0.99,208,0,0,0,1567,0,0,184,0,0,0,0,2275,0
NSLC-0194-T01,Nice,0.9299999999999999,243,236,0,0,2173,0,0,268,0,0,1686,0,0,0
NSLC-0195-T01,Nice,0.75,177,0,0,0,737,0,0,0,0,0,0,0,1360,0
NSLC-0196-T01,Nice,0.82,372,767,0,0,1480,0,0,1176,0,0,0,0,2946,0
NSLC-0197-T01,Nice,1,470,934,0,0,1375,0,0,0,0,0,0,0,3629,0
NSLC-0198-T01,Nice,0.7799999999999999,377,0,0,0,2202,629,0,0,0,0,0,0,0,0
NSLC-0199-T01,Nice,0.96,118,0,0,0,1626,440,0,0,0,0,0,0,0,0
NSLC-0200-T01,Nice,0.7899999999999999,480,352,0,0,1804,0,0,0,0,0,0,0,4758,0
NSLC-0201-T01,Nice,0.77,60,0,0,0,193,0,0,0,0,0,0,0,449,0
NSLC-0203-T01,Nice,0.86,174,0,0,865,1550,0,0,0,0,0,0,0,0,0
NSLC-0204-T01,Nice,0.8899999999999999,445,282,0,1604,1191,0,0,0,0,0,0,0,3836,0
NSLC-0207-T01,Nice,0.94,316,209,0,0,1517,0,0,0,0,0,0,0,1962,0
NSLC-0209-T01,Nice,0.7,260,0,0,0,512,0,0,0,0,0,0,0,1681,205
NSLC-0210-T01,Nice,0.99,287,0,0,0,697,0,0,0,0,0,0,0,1416,0
NSLC-0212-T01,Nice,0.72,158,0,0,0,655,0,0,0,0,0,0,0,1202,0
NSLC-0213-T01,Nice,0.8899999999999999,178,0,0,0,1136,0,0,0,0,0,0,353,2505,0
NSLC-0214-T01,Nice,0.83,13,0,0,0,3,0,0,0,0,0,0,0,102,26
NSLC-0215-T01,Nice,0.86,270,1049,4147,0,2129,0,0,704,0,0,0,0,0,0
NSLC-0216-T01,Nice,0.99,423,226,0,0,1748,0,0,0,0,0,518,0,0,0
NSLC-0217-T01,Nice,0.9099999999999999,640,1469,0,0,3731,0,0,0,0,0,2046,0,0,0
NSLC-0218-T01,Nice,0.9199999999999999,56,0,0,0,168,0,0,0,0,0,0,0,512,76
NSLC-0219-T01,Nice,0.99,71,0,0,0,797,0,0,0,0,0,0,0,646,0
NSLC-0220-T01,Nice,0.83,330,0,0,0,2466,0,0,0,0,0,1312,0,0,0
NSLC-0221-T01,Nice,0.76,279,0,0,0,1439,0,0,0,0,0,680,0,2923,0
NSLC-0222-T01,Nice,0.72,234,0,0,0,1934,439,0,0,0,0,0,0,0,0
NSLC-0223-T01,Nice,0.98,191,0,0,0,780,0,0,0,0,0,0,0,886,0
NSLC-0224-T01,Nice,0.75,12,18,0,0,133,0,0,17,0,0,0,0,0,0
NSLC-0225-T01,Nice,0.99,147,142,0,0,1538,0,0,0,0,0,0,0,1356,0
NSLC-0226-T01,Nice,0.84,380,0,0,0,995,0,0,0,0,0,0,0,4039,0
NSLC-0227-T01,Nice,0.7999999999999999,303,0,0,0,1701,0,0,0,0,0,0,0,3017,0
NSLC-0228-T01,Nice,0.97,360,0,0,0,1539,0,0,687,0,0,0,0,7866,0
NSLC-0229-T01,Yale,0.94,147,0,0,0,576,0,0,0,0,0,0,0,890,0
NSLC-0230-T01,Yale,0.82,287,0,0,0,501,0,0,0,0,0,0,0,1035,0
NSLC-0231-T01,Yale,0.85,468,2422,0,0,932,0,0,1816,0,0,0,0,5249,0
NSLC-0232-T01,Yale,0.8099999999999999,426,203,0,0,2398,694,0,0,0,0,0,0,0,0
NSLC-0233-T01,Yale,0.99,714,525,0,0,3920,0,0,0,0,0,1469,0,0,0
NSLC-0236-T01,Yale,0.8099999999999999,129,785,0,0,801,0,0,1010,0,0,0,0,0,0
NSLC-0237-T01,Yale,0.71,151,80,0,0,892,0,0,0,0,0,0,0,731,0
NSLC-0240-T01,Yale,0.97,104,103,1107,0,1184,0,0,0,0,0,239,0,0,0
NSLC-0242-T01,Yale,0.94,249,661,0,0,3364,0,0,600,0,0,1306,0,0,0
NSLC-0243-T01,Yale,0.9299999999999999,386,0,0,0,1326,0,0,0,0,0,385,0,0,0
NSLC-0244-T01,Yale,0.72,469,193,0,0,1558,0,0,0,0,0,0,0,3819,0
NSLC-0245-T01,Yale,0.7999999999999999,630,270,0,0,1752,0,0,0,0,0,0,0,3696,0
NSLC-0246-T01,Yale,0.7799999999999999,161,0,0,0,255,535,0,0,0,0,0,0,1160,0
NSLC-0247-T01,Yale,0.97,257,624,0,0,3124,0,0,299,0,0,1044,0,0,0
NSLC-0248-T01,Yale,0.8999999999999999,0,0,0,0,327,270,0,0,0,0,175,0,0,0
NSLC-0249-T01,Yale,0.9199999999999999,320,199,0,0,1067,0,0,178,0,0,0,0,1580,0
NSLC-0250-T01,Yale,0.8899999999999999,241,0,0,0,739,720,0,0,0,0,0,0,2433,0
NSLC-0251-T01,Yale,0.8899999999999999,178,0,0,0,673,0,0,0,0,0,0,0,1721,0
NSLC-0252-T01,Yale,0.77,113,0,0,0,867,247,0,0,0,0,0,0,0,0
NSLC-0253-T01,Yale,0.7,227,87,0,0,589,0,0,0,0,0,0,0,1182,0
NSLC-0254-T01,Yale,0.76,43,0,0,0,178,0,0,0,0,0,0,0,383,0
NSLC-0255-T01,Yale,0.97,64,0,0,0,851,0,0,0,0,0,0,0,0,0
